{
  "meta": {
    "label": "Answer",
    "description": "'Answer' provides a conversational interface for both engaging with a language model and exploring documents.",
    "icon": "icon-picture"
  },
  "paramsPythonSetup": "params_helper.py",
  "baseType": "STANDARD",
  "enableJavascriptModules": "true",
  "hasBackend": "true",
  "noJSSecurity": "true",
  "standardWebAppLibraries": [
    "jquery",
    "dataiku",
    "font_awesome"
  ],
  "params": [
    {
      "name": "sep0",
      "label": "Conversations store configuration",
      "type": "SEPARATOR"
    },
    {
      "type": "DATASET",
      "name": "logging_dataset",
      "label": "Logging dataset",
      "description": "The dataset that contains the logs of user queries and LLM responses. Must be SQL.",
      "mandatory": true,
      "acceptsDataset": true,
      "canSelectForeign": false,
      "canCreateDataset": true,
      "markCreatedAsBuilt": true
    },
    {
      "type": "BOOLEAN",
      "name": "permanent_delete",
      "label": "Permanent delete",
      "defaultValue": true,
      "mandatory": false,
      "description": "If 'Permanent delete' is set to true, the deleted and cleared conversation records will be lost. Set this parameter to false, if you want to always keep archived conversations in the dataset"
    },
    {
      "type": "ARRAY",
      "name": "feedback_positive_choices",
      "label": "Positive feedback choices",
      "description": "The positive feedback choices to be displayed to the user",
      "defaultValue": [],
      "visibilityCondition": "model.logging_dataset"
    },
    {
      "type": "ARRAY",
      "name": "feedback_negative_choices",
      "label": "Negative feedback choices",
      "description": "The negative feedback choices to be displayed to the user",
      "defaultValue": [],
      "visibilityCondition": "model.logging_dataset"
    },
    {
      "type": "FOLDER",
      "name": "upload_folder",
      "label": "Upload Documents Folder",
      "description": "The folder that will contain uploaded images.",
      "mandatory": false
    },
    {
      "name": "allow_general_feedback",
      "type": "BOOLEAN",
      "label": "Allow user feedback?",
      "description": "Check this option to allow users providing their feedback on answers.",
      "defaultValue": false,
      "mandatory": false
    },
    {
      "type": "DATASET",
      "name": "general_feedback_dataset",
      "label": "General feedback dataset",
      "description": "Dataset to store general feedback provided. Must be SQL.",
      "visibilityCondition": "model.allow_general_feedback",
      "mandatory": true,
      "acceptsDataset": true,
      "canSelectForeign": false,
      "canCreateDataset": true,
      "markCreatedAsBuilt": true
    },
    {
      "type": "BOOLEAN",
      "name": "filter_logged_sources",
      "label": "Filter logged sources?",
      "defaultValue": false,
      "mandatory": false,
      "description": "Enable this option to limit the number of sources that are logged in the 'Logging Dataset'"
    },
    {
      "name": "n_top_sources_to_log",
      "type": "INT",
      "label": "Number of top sources to log:",
      "visibilityCondition": "model.filter_logged_sources",
      "description": "'-1' keeps all sources.",
      "minI": -1,
      "maxI": 100,
      "defaultValue": -1,
      "mandatory": false
    },
    {
      "name": "sep1",
      "label": "LLM configuration",
      "type": "SEPARATOR"
    },
    {
      "type": "SELECT",
      "name": "llm_id",
      "label": "LLM",
      "parameterSetId": "llm_id",
      "mandatory": true,
      "getChoicesFromPython": true
    },
    {
      "type": "SELECT",
      "name": "knowledge_bank_id",
      "label": "Knowledge bank",
      "mandatory": false,
      "getChoicesFromPython": true
    },
    {
      "type": "STRING",
      "name": "knowledge_bank_custom_name",
      "label": "Customize knowledge bank's Name",
      "defaultValue": "",
      "mandatory": false,
      "visibilityCondition": "model.knowledge_bank_id != null && model.knowledge_bank_id != ''"
    },
    {
      "name": "activate_knowledge_bank",
      "type": "BOOLEAN",
      "label": "Activate the knowledge bank By Default",
      "defaultValue": true,
      "mandatory": false,
      "visibilityCondition": "model.knowledge_bank_id != null && model.knowledge_bank_id != ''"
    },
    {
      "type": "TEXTAREA",
      "name": "knowledge_bank_prompt",
      "label": "Configure your LLM in the context of the knowledge bank",
      "defaultValue": "",
      "mandatory": true,
      "visibilityCondition": "model.knowledge_bank_id != null && model.knowledge_bank_id != ''"
    },
    {
      "type": "BOOLEAN",
      "name": "show_kb_advanced_settings",
      "label": "Show advanced settings",
      "defaultValue": false,
      "mandatory": false,
      "description": "Enable this option to see advanced settings for the knowledge retrieval"
    },
    {
      "type": "TEXTAREA",
      "name": "knowledge_bank_system_prompt",
      "label": "Configure your retrieval system prompt",
      "visibilityCondition": "model.show_kb_advanced_settings",
      "defaultValue": "Given the following specific context, please give a short answer to the question at the end, If you don't know the answer, just say that you don't know, don't try to make up an answer.",
      "description": "Only change this if you are sure of what you are doing",
      "mandatory": false
    },
    {
      "name": "sep2",
      "label": "Knowledge retrieval parameters",
      "type": "SEPARATOR",
      "visibilityCondition": "model.knowledge_bank_id != null && model.knowledge_bank_id != ''"
    },
    {
      "name": "enable_smart_usage_of_the_knowledge_bank",
      "type": "BOOLEAN",
      "label": "Let 'Answers' decide when to use the Knowledge Bank.",
      "description": "Enable this option to let the LLM decide whether it should use the Knowledge Bank or not, depending on the questions.",
      "defaultValue": false,
      "mandatory": false,
      "visibilityCondition": "model.knowledge_bank_id != null && model.knowledge_bank_id != ''"
    },
    {
      "name": "knowledge_bank_description",
      "type": "TEXTAREA",
      "label": "Knowledge bank description",
      "description": "Describe the content of the knowledge bank to help the LLM decide whether it should use the knowledge bank or not.",
      "defaultValue": "",
      "mandatory": false,
      "visibilityCondition": "(model.knowledge_bank_id != null && model.knowledge_bank_id != '') && (model.enable_smart_usage_of_the_knowledge_bank)"
    },
    {
      "name": "knowledge_retrieval_k",
      "type": "INT",
      "label": "Number of documents to retrieve",
      "defaultValue": 3,
      "mandatory": false,
      "visibilityCondition": "model.knowledge_bank_id != null && model.knowledge_bank_id != ''"
    },
    {
      "type": "SELECT",
      "name": "knowledge_retrieval_search_type",
      "label": "Search type",
      "selectChoices": [
        {
          "value": "similarity",
          "label": "Similarity Score Only"
        },
        {
          "value": "similarity_score_threshold",
          "label": "Similarity Score with Threshold"
        },
        {
          "value": "mmr",
          "label": "Improve diversity of documents"
        }
      ],
      "defaultValue": "similarity",
      "visibilityCondition": "model.knowledge_bank_id != null && model.knowledge_bank_id != ''",
      "mandatory": true
    },
    {
      "name": "knowledge_retrieval_mmr_k",
      "type": "INT",
      "label": "Diversity selection documents",
      "mandatory": false,
      "defaultValue": 20,
      "visibilityCondition": "model.knowledge_bank_id != null && model.knowledge_bank_id != '' && model.knowledge_retrieval_search_type == 'mmr' "
    },
    {
      "name": "knowledge_retrieval_mmr_diversity",
      "type": "DOUBLE",
      "label": "Diversity factor",
      "mandatory": false,
      "defaultValue": 0.25,
      "description": "1 minimum diversity and 0 maximum.",
      "minD": 0,
      "maxD": 1,
      "visibilityCondition": "model.knowledge_bank_id != null && model.knowledge_bank_id != '' && model.knowledge_retrieval_search_type == 'mmr' "
    },
    {
      "name": "knowledge_retrieval_score_threshold",
      "type": "DOUBLE",
      "label": "Similarity score with threshold (0-1)",
      "mandatory": false,
      "defaultValue": 0.5,
      "minD": 0,
      "maxD": 1,
      "description": "Should be between 0 and 1. Higher values mean more similar. Setting too high can lead to no documents being retrieved.",
      "visibilityCondition": "model.knowledge_bank_id != null && model.knowledge_bank_id != '' && model.knowledge_retrieval_search_type == 'similarity_score_threshold' "
    },
    {
      "type": "BOOLEAN",
      "name": "enable_llm_citations",
      "label": "Enable LLM citations?",
      "defaultValue": false,
      "visibilityCondition": "model.knowledge_bank_id != null && model.knowledge_bank_id != ''",
      "mandatory": false,
      "description": "Enable this option to get sources citations in the answer generated by the LLM"
    },
    {
      "name": "sep3",
      "label": "Filters and metadata parameters",
      "type": "SEPARATOR",
      "visibilityCondition": "model.knowledge_bank_id != null && model.knowledge_bank_id != ''"
    },
    {
      "name": "knowledge_sources_filters",
      "type": "MULTISELECT",
      "label": "Select the metadata to make available as filters, currently only string metas are supported",
      "getChoicesFromPython": true,
      "defaultValue": false,
      "mandatory": false,
      "visibilityCondition": "model.knowledge_bank_id != null && model.knowledge_bank_id != ''"
    },
    {
      "name": "knowledge_sources_displayed_metas",
      "type": "MULTISELECT",
      "label": "Select the metadata to display along with sources",
      "getChoicesFromPython": true,
      "defaultValue": false,
      "mandatory": false,
      "visibilityCondition": "model.knowledge_bank_id != null && model.knowledge_bank_id != ''"
    },
    {
      "name": "knowledge_source_url",
      "type": "SELECT",
      "label": "Select the metadata holding the url to access a source",
      "getChoicesFromPython": true,
      "defaultValue": false,
      "mandatory": false,
      "visibilityCondition": "model.knowledge_bank_id != null && model.knowledge_bank_id != ''"
    },
    {
      "name": "knowledge_source_title",
      "type": "SELECT",
      "label": "Select the metadata holding the title of a source",
      "getChoicesFromPython": true,
      "defaultValue": false,
      "mandatory": false,
      "visibilityCondition": "model.knowledge_bank_id != null && model.knowledge_bank_id != ''"
    },
    {
      "name": "knowledge_source_thumbnail",
      "type": "SELECT",
      "label": "Select the metadata holding the url of the thumbnail of a source",
      "getChoicesFromPython": true,
      "defaultValue": false,
      "mandatory": false,
      "visibilityCondition": "model.knowledge_bank_id != null && model.knowledge_bank_id != ''"
    },
    {
      "name": "sep2",
      "label": "Chat Bot Parameters",
      "type": "SEPARATOR"
    },
    {
      "type": "TEXTAREA",
      "name": "primer_prompt",
      "label": "Configure your LLM",
      "defaultValue": "Please act as a business analyst and return concise answers no more than 3 lines",
      "mandatory": true
    },
    {
      "type": "INT",
      "name": "memory_token_limit",
      "label": "The max number of tokens used for the chat history",
      "defaultValue": 2000,
      "mandatory": true
    },
    {
      "name": "answer_in_question_language",
      "type": "BOOLEAN",
      "label": "Answer in the language in which the question is asked",
      "description": "If checked, the assistant will answer in the same language as the question. It will default to English if the question language cannot be determined or if unchecked",
      "defaultValue": false
    },
    {
      "type": "BOOLEAN",
      "name": "show_advanced_settings",
      "label": "Show advanced settings",
      "defaultValue": false,
      "mandatory": false,
      "description": "Enable this option to see advanced settings for the chat bot"
    },
    {
      "type": "TEXTAREA",
      "name": "system_prompt",
      "label": "Configure your conversation system prompt",
      "visibilityCondition": "model.show_advanced_settings",
      "defaultValue": "The following is a friendly conversation between a human and an AI. The AI is talkative and provides lots of specific details from its context. If the AI does not know the answer to a question, it truthfully says it does not know.",
      "description": "Only change this if you are sure of what you are doing",
      "mandatory": false
    },
    {
      "name": "sep3",
      "label": "End user configuration",
      "type": "SEPARATOR"
    },
    {
      "type": "TEXTAREA",
      "name": "web_app_title",
      "label": "Displayed title",
      "defaultValue": "Ask directly questions to your document corpus",
      "mandatory": true
    },
    {
      "type": "TEXTAREA",
      "name": "web_app_subheading",
      "label": "Displayed subheading",
      "defaultValue": "Answers are sourced from the processed documents, delivered in natural language and accompanied by the most relevant references.",
      "mandatory": true
    },
    {
      "type": "TEXTAREA",
      "name": "web_app_input_placeholder",
      "label": "Displayed placeholder text in the 'question input' field",
      "defaultValue": "Ask your question",
      "mandatory": false
    },
    {
      "type": "ARRAY",
      "name": "example_questions",
      "label": "Example questions",
      "description": "Configure example questions that users can pose. Only text type is supported (String or TextArea).",
      "defaultValue": [
        "What are the primary causes of the recent increase in global temperatures?",
        "How does quantum computing differ from classical computing in terms of processing information?",
        "Whats the most popular language globally?"
      ]
    },
    {
      "type": "TEXTAREA",
      "name": "disclaimer",
      "label": "Displayed disclaimer text (in the footer of the web app)",
      "defaultValue": "This application is powered by a Large Language Model. Review proposed outcomes in context with <span style=\"color: #267cfb; text-decoration: underline\">Responsible AI</span> considerations",
      "mandatory": false
    },
    {
      "name": "sep4",
      "label": "WebApplication Configuration",
      "type": "SEPARATOR"
    },
    {
      "type": "SELECT",
      "name": "language",
      "selectChoices": [
        {
          "value": "en",
          "label": "English"
        },
        {
          "value": "de",
          "label": "German"
        },
        {
          "value": "ko",
          "label": "Korean"
        }
      ],
      "defaultValue": "en",
      "mandatory": true
    },
    {
      "type": "SELECT",
      "name": "log_level",
      "label": "Logs level",
      "selectChoices": [
        {
          "value": "DEBUG",
          "label": "DEBUG"
        },
        {
          "value": "INFO",
          "label": "INFO"
        },
        {
          "value": "WARN",
          "label": "WARN"
        },
        {
          "value": "ERROR",
          "label": "ERROR"
        },
        {
          "value": "CRITICAL",
          "label": "CRITICAL"
        }
      ],
      "defaultValue": "INFO",
      "mandatory": true
    },
    {
      "type": "KEY_VALUE_LIST",
      "name": "http_headers",
      "label": "HTTP Headers to include in WebApplication HTTP Response"
    }
  ]
}